{
  "vehicles": [
    {
      "id": 1001,
      "featured": true,
      "year": 2019,
      "make": "Toyota",
      "model": "Camry SE",
      "type": "Sedan",
      "price": 19950,
      "mileage": 54200,
      "transmission": "Automatic",
      "drivetrain": "FWD",
      "fuel": "Gasoline",
      "color": "Celestial Silver",
      "interior": "Black Fabric",
      "vin": "4T1B11HK3KU123456",
      "images": [
        "https://images.unsplash.com/photo-1555215695-3004980ad54e?q=80&w=1600&auto=format&fit=crop",
        "https://images.unsplash.com/photo-1511919884226-fd3cad34687c?q=80&w=1600&auto=format&fit=crop",
        "https://images.unsplash.com/photo-1503376780353-7e6692767b70?q=80&w=1600&auto=format&fit=crop"
      ],
      "notes": "SE package, Apple CarPlay, lane assist, single owner, clean history."
    },
    {
      "id": 1002,
      "featured": true,
      "year": 2021,
      "make": "Ford",
      "model": "F-150 XLT",
      "type": "Truck",
      "price": 34900,
      "mileage": 38800,
      "transmission": "Automatic",
      "drivetrain": "4WD",
      "fuel": "Gasoline",
      "color": "Oxford White",
      "interior": "Gray Cloth",
      "vin": "1FTEW1EP5MFA12345",
      "images": [
        "https://images.unsplash.com/photo-1584345604476-8ec5e12b8d93?q=80&w=1600&auto=format&fit=crop",
        "https://images.unsplash.com/photo-1590362891991-f776e747a588?q=80&w=1600&auto=format&fit=crop",
        "https://images.unsplash.com/photo-1542281286-9e0a16bb7366?q=80&w=1600&auto=format&fit=crop"
      ],
      "notes": "XLT 4x4, tow package, bedliner, remote start."
    },
    {
      "id": 1003,
      "featured": true,
      "year": 2018,
      "make": "BMW",
      "model": "330i",
      "type": "Sedan",
      "price": 21500,
      "mileage": 62250,
      "transmission": "Automatic",
      "drivetrain": "RWD",
      "fuel": "Gasoline",
      "color": "Alpine White",
      "interior": "Black Dakota Leather",
      "vin": "WBA8B9G57JNU12345",
      "images": [
        "https://images.unsplash.com/photo-1519848446995-5cc6f4b21f9a?q=80&w=1600&auto=format&fit=crop",
        "https://images.unsplash.com/photo-1550355291-bbee04a92027?q=80&w=1600&auto=format&fit=crop",
        "https://images.unsplash.com/photo-1503376780353-7e6692767b70?q=80&w=1600&auto=format&fit=crop"
      ],
      "notes": "M\u2011Sport pkg, nav, heated seats, recent service."
    },
    {
      "id": 1004,
      "featured": false,
      "year": 2016,
      "make": "Honda",
      "model": "CR\u2011V EX-L",
      "type": "SUV",
      "price": 17900,
      "mileage": 81200,
      "transmission": "Automatic",
      "drivetrain": "AWD",
      "fuel": "Gasoline",
      "color": "Modern Steel",
      "interior": "Beige Leather",
      "vin": "5J6RM4H78GL012345",
      "images": [
        "https://images.unsplash.com/photo-1619767886558-efdc259cde1a?q=80&w=1600&auto=format&fit=crop",
        "https://images.unsplash.com/photo-1549923746-c502d488b3ea?q=80&w=1600&auto=format&fit=crop",
        "https://images.unsplash.com/photo-1583121274602-3e2820c69888?q=80&w=1600&auto=format&fit=crop"
      ],
      "notes": "Leather, sunroof, blind\u2011spot, great service records."
    },
    {
      "id": 1005,
      "featured": false,
      "year": 2014,
      "make": "Chevrolet",
      "model": "Corvette Stingray Z51",
      "type": "Coupe",
      "price": 46900,
      "mileage": 32750,
      "transmission": "Manual",
      "drivetrain": "RWD",
      "fuel": "Gasoline",
      "color": "Torch Red",
      "interior": "Black Leather",
      "vin": "1G1YM2D71E5101234",
      "images": [
        "https://images.unsplash.com/photo-1515263487990-61b07816b324?q=80&w=1600&auto=format&fit=crop",
        "https://images.unsplash.com/photo-1511919884226-fd3cad34687c?q=80&w=1600&auto=format&fit=crop",
        "https://images.unsplash.com/photo-1503736334956-4c8f8e92946d?q=80&w=1600&auto=format&fit=crop"
      ],
      "notes": "Z51 performance, 7\u2011speed manual, Bose audio."
    },
    {
      "id": 1006,
      "featured": false,
      "year": 2020,
      "make": "Jeep",
      "model": "Wrangler Sahara",
      "type": "SUV",
      "price": 35900,
      "mileage": 40200,
      "transmission": "Automatic",
      "drivetrain": "4WD",
      "fuel": "Gasoline",
      "color": "Black Clearcoat",
      "interior": "Black Cloth",
      "vin": "1C4HJXEG2LW123456",
      "images": [
        "https://images.unsplash.com/photo-1619767886558-efdc259cde1a?q=80&w=1600&auto=format&fit=crop",
        "https://images.unsplash.com/photo-1583121274602-3e2820c69888?q=80&w=1600&auto=format&fit=crop",
        "https://images.unsplash.com/photo-1611520927633-7d5361080f3a?q=80&w=1600&auto=format&fit=crop"
      ],
      "notes": "2.0T, removable hardtop, CarPlay, 1\u2011owner."
    }
  ]
}